blendRateL,0,blendRateR,0
1,Left,-2.314679,2.522637,-0.9300743,Right,-1.275446,0,-1.073696
2,Left,-2.314679,2.522637,-0.9300743,Right,-1.275446,0,-1.073696
3,Left,-2.314679,2.522637,-0.9300743,Right,-1.275446,0,-1.073696
