blendRateL,0,blendRateR,0
1,Left,-1.393825,-1.347968,1.013565,Right,-1.393825,-1.347968,1.013565
2,Left,-1.393825,-1.347968,1.013565,Right,-1.393825,-1.347968,1.013565
3,Left,-1.393825,-1.347968,1.013565,Right,-1.393825,-1.347968,1.013565
4,Left,-1.393825,-1.347968,1.013565,Right,-1.393825,-1.347968,1.013565
5,Left,-1.393825,-1.347968,1.013565,Right,-1.393825,-1.347968,1.013565
6,Left,-1.393825,-1.347968,1.013565,Right,-1.393825,-1.347968,1.013565
7,Left,-1.393825,-1.347968,1.013565,Right,-1.393825,-1.347968,1.013565
8,Left,-1.393825,-1.347968,1.013565,Right,-1.393825,-1.347968,1.013565
9,Left,-1.393825,-1.347968,1.013565,Right,-1.393825,-1.347968,1.013565
