blendRateL,0,blendRateR,0
1,Left,-1.311055,-0.8231401,-0.9765539,Right,-1.311055,-0.8231401,-0.9765539
2,Left,-1.311055,-0.8231401,-0.9765539,Right,-1.311055,-0.8231401,-0.9765539
3,Left,-1.311055,-0.8231401,-0.9765539,Right,-1.311055,-0.8231401,-0.9765539
4,Left,-1.311055,-0.8231401,-0.9765539,Right,-1.311055,-0.8231401,-0.9765539
5,Left,-1.311055,-0.8231401,-0.9765539,Right,-1.311055,-0.8231401,-0.9765539
6,Left,-1.311055,-0.8231401,-0.9765539,Right,-1.311055,-0.8231401,-0.9765539
7,Left,-1.311055,-0.8231401,-0.9765539,Right,-1.311055,-0.8231401,-0.9765539
8,Left,-1.311055,-0.8231401,-0.9765539,Right,-1.311055,-0.8231401,-0.9765539
