blendRateL,0,blendRateR,0
1,Left,-1.625109,-1.077334,0.9708886,Right,-1.625109,-1.077334,0.9708886
2,Left,-1.625109,-1.077334,0.9708886,Right,-1.625109,-1.077334,0.9708886
3,Left,-1.625109,-1.077334,0.9708886,Right,-1.625109,-1.077334,0.9708886
4,Left,-1.625109,-1.077334,0.9708886,Right,-1.625109,-1.077334,0.9708886
5,Left,-1.625109,-1.077334,0.9708886,Right,-1.625109,-1.077334,0.9708886
6,Left,-1.625109,-1.077334,0.9708886,Right,-1.625109,-1.077334,0.9708886
7,Left,-1.625109,-1.077334,0.9708886,Right,-1.625109,-1.077334,0.9708886
