blendRateL,0,blendRateR,0
1,Left,-0.2436987,-0.05460024,0.5341048,Right,0.120705,-0.05421472,0.5587502
2,Left,-0.1796513,0.6334622,0.4125935,Right,0.2177643,0.5984071,0.3967467
3,Left,-0.1807196,0.739118,0.4125275,Right,0.2150156,0.7237374,0.3999168
4,Left,-0.1960176,0.6689446,0.3919602,Right,0.2036603,0.6538867,0.4033975
5,Left,-0.2124437,0.9599974,0.3874152,Right,0.247645,0.9593203,0.4045905
