blendRateL,0,blendRateR,0
1,Left,0.7079378,-0.0681355,0.191208,Right,0,0,0
2,Left,-0.1848954,-0.5249004,0.4811252,Right,-0.2407987,-0.4568212,-0.2501736
3,Left,-0.184886,-0.5250213,0.4811161,Right,-0.2407987,-0.4568212,-0.2501736
4,Left,-0.1848514,-0.5250793,0.481056,Right,-0.2407987,-0.4568212,-0.2501736
5,Left,-0.1848964,-0.525135,0.4810481,Right,-0.2407987,-0.4568212,-0.2501736
