blendRateL,0,blendRateR,0
1,Left,-1.747958,-1.069906,0.7666575,Right,-1.747958,-1.069906,0.7666575
2,Left,-1.747958,-1.069906,0.7666575,Right,-1.747958,-1.069906,0.7666575
3,Left,-1.747958,-1.069906,0.7666575,Right,-1.747958,-1.069906,0.7666575
4,Left,-1.747958,-1.069906,0.7666575,Right,-1.747958,-1.069906,0.7666575
5,Left,-1.747958,-1.069906,0.7666575,Right,-1.747958,-1.069906,0.7666575
6,Left,-1.747958,-1.069906,0.7666575,Right,-1.747958,-1.069906,0.7666575
7,Left,-1.747958,-1.069906,0.7666575,Right,-1.747958,-1.069906,0.7666575
