blendRateL,0,blendRateR,0
1,Left,-0.7014873,0,-1.655599,Right,-0.7014873,0,-1.655599
2,Left,-0.7014873,0,-1.655599,Right,-0.7014873,0,-1.655599
3,Left,-0.7014873,0,-1.655599,Right,-0.7014873,0,-1.655599
4,Left,-0.7014873,0,-1.655599,Right,-0.7014873,0,-1.655599
5,Left,-0.7014873,0,-1.655599,Right,-0.7014873,0,-1.655599
