blendRateL,0,blendRateR,0
1,Left,0,0,0,Right,2.120028,0.6866052,-0.9842249
2,Left,0,0,0,Right,2.120028,0.6866052,-0.9842249
3,Left,0,0,0,Right,2.120028,0.6866052,-0.9842249
4,Left,0,0,0,Right,2.120028,0.6866052,-0.9842249
